{
  "accuracy": 0.8958891867739053,
  "macro_f1": 0.8927436086004106,
  "weighted_f1": 0.8960167010585725,
  "per_class": {
    "1": {
      "precision": 0.9693877551020408,
      "recall": 0.95,
      "f1": 0.9595959595959596,
      "support": 100
    },
    "2": {
      "precision": 0.9666666666666667,
      "recall": 0.7631578947368421,
      "f1": 0.8529411764705882,
      "support": 76
    },
    "3": {
      "precision": 0.9047619047619048,
      "recall": 0.8837209302325582,
      "f1": 0.8941176470588236,
      "support": 43
    },
    "4": {
      "precision": 0.7920792079207921,
      "recall": 0.8,
      "f1": 0.7960199004975125,
      "support": 100
    },
    "6": {
      "precision": 0.9375,
      "recall": 0.7407407407407407,
      "f1": 0.8275862068965517,
      "support": 81
    },
    "8": {
      "precision": 0.7222222222222222,
      "recall": 0.78,
      "f1": 0.75,
      "support": 100
    },
    "9": {
      "precision": 0.8504672897196262,
      "recall": 0.91,
      "f1": 0.8792270531400966,
      "support": 100
    },
    "10": {
      "precision": 0.9772727272727273,
      "recall": 0.86,
      "f1": 0.9148936170212766,
      "support": 100
    },
    "11": {
      "precision": 0.9295774647887324,
      "recall": 0.8571428571428571,
      "f1": 0.8918918918918919,
      "support": 77
    },
    "12": {
      "precision": 0.9504950495049505,
      "recall": 0.96,
      "f1": 0.9552238805970149,
      "support": 100
    },
    "13": {
      "precision": 0.9484536082474226,
      "recall": 0.9484536082474226,
      "f1": 0.9484536082474226,
      "support": 97
    },
    "14": {
      "precision": 0.788135593220339,
      "recall": 0.93,
      "f1": 0.8532110091743119,
      "support": 100
    },
    "15": {
      "precision": 0.7983193277310925,
      "recall": 0.95,
      "f1": 0.867579908675799,
      "support": 100
    },
    "16": {
      "precision": 0.896551724137931,
      "recall": 0.7027027027027027,
      "f1": 0.7878787878787878,
      "support": 37
    },
    "17": {
      "precision": 0.8476190476190476,
      "recall": 0.89,
      "f1": 0.8682926829268293,
      "support": 100
    },
    "18": {
      "precision": 0.897196261682243,
      "recall": 0.96,
      "f1": 0.927536231884058,
      "support": 100
    },
    "19": {
      "precision": 0.9494949494949495,
      "recall": 0.94,
      "f1": 0.9447236180904522,
      "support": 100
    },
    "20": {
      "precision": 0.9895833333333334,
      "recall": 0.95,
      "f1": 0.9693877551020408,
      "support": 100
    },
    "21": {
      "precision": 0.8598130841121495,
      "recall": 0.92,
      "f1": 0.8888888888888888,
      "support": 100
    },
    "22": {
      "precision": 0.9795918367346939,
      "recall": 0.9696969696969697,
      "f1": 0.9746192893401016,
      "support": 99
    },
    "23": {
      "precision": 0.8977272727272727,
      "recall": 0.8681318681318682,
      "f1": 0.88268156424581,
      "support": 91
    },
    "24": {
      "precision": 0.9210526315789473,
      "recall": 0.9210526315789473,
      "f1": 0.9210526315789473,
      "support": 76
    },
    "25": {
      "precision": 0.9,
      "recall": 0.9,
      "f1": 0.9,
      "support": 100
    },
    "26": {
      "precision": 0.9504950495049505,
      "recall": 0.96,
      "f1": 0.9552238805970149,
      "support": 100
    },
    "27": {
      "precision": 0.9310344827586207,
      "recall": 0.8852459016393442,
      "f1": 0.907563025210084,
      "support": 61
    }
  },
  "confusion_matrix": [
    [
      95,
      0,
      1,
      1,
      0,
      0,
      0,
      0,
      0,
      1,
      1,
      0,
      1,
      0,
      0,
      0,
      0,
      0,
      0,
      0,
      0,
      0,
      0,
      0,
      0
    ],
    [
      0,
      58,
      0,
      0,
      1,
      4,
      2,
      0,
      0,
      1,
      0,
      2,
      3,
      0,
      1,
      0,
      0,
      0,
      0,
      0,
      0,
      1,
      0,
      3,
      0
    ],
    [
      0,
      0,
      38,
      1,
      0,
      0,
      0,
      0,
      0,
      0,
      0,
      0,
      2,
      0,
      1,
      0,
      0,
      0,
      0,
      0,
      0,
      0,
      0,
      0,
      1
    ],
    [
      2,
      1,
      0,
      80,
      0,
      0,
      1,
      0,
      0,
      2,
      0,
      0,
      3,
      0,
      1,
      3,
      0,
      0,
      5,
      0,
      0,
      0,
      1,
      0,
      1
    ],
    [
      0,
      0,
      0,
      1,
      60,
      5,
      8,
      0,
      0,
      0,
      0,
      4,
      0,
      0,
      1,
      0,
      0,
      0,
      0,
      0,
      0,
      2,
      0,
      0,
      0
    ],
    [
      0,
      0,
      0,
      3,
      1,
      78,
      1,
      0,
      0,
      0,
      0,
      4,
      2,
      1,
      2,
      0,
      1,
      0,
      2,
      0,
      2,
      0,
      2,
      1,
      0
    ],
    [
      0,
      0,
      0,
      2,
      0,
      2,
      91,
      0,
      0,
      0,
      0,
      0,
      0,
      0,
      0,
      0,
      0,
      0,
      2,
      0,
      0,
      0,
      3,
      0,
      0
    ],
    [
      0,
      0,
      1,
      0,
      0,
      0,
      0,
      86,
      0,
      0,
      0,
      4,
      2,
      0,
      1,
      1,
      0,
      0,
      2,
      0,
      0,
      0,
      1,
      0,
      2
    ],
    [
      0,
      0,
      1,
      1,
      0,
      0,
      0,
      0,
      66,
      0,
      0,
      4,
      0,
      0,
      1,
      0,
      0,
      0,
      0,
      0,
      3,
      1,
      0,
      0,
      0
    ],
    [
      0,
      0,
      0,
      0,
      0,
      0,
      0,
      0,
      1,
      96,
      0,
      0,
      1,
      0,
      1,
      1,
      0,
      0,
      0,
      0,
      0,
      0,
      0,
      0,
      0
    ],
    [
      0,
      0,
      0,
      0,
      0,
      0,
      0,
      0,
      0,
      0,
      92,
      0,
      1,
      1,
      2,
      0,
      0,
      0,
      0,
      0,
      1,
      0,
      0,
      0,
      0
    ],
    [
      0,
      0,
      0,
      0,
      0,
      3,
      0,
      0,
      0,
      0,
      1,
      93,
      0,
      0,
      0,
      0,
      0,
      0,
      0,
      1,
      0,
      2,
      0,
      0,
      0
    ],
    [
      0,
      0,
      0,
      2,
      0,
      1,
      1,
      0,
      0,
      0,
      0,
      0,
      95,
      0,
      0,
      1,
      0,
      0,
      0,
      0,
      0,
      0,
      0,
      0,
      0
    ],
    [
      0,
      0,
      0,
      1,
      0,
      0,
      0,
      0,
      0,
      0,
      1,
      0,
      5,
      26,
      0,
      0,
      2,
      0,
      1,
      0,
      0,
      0,
      1,
      0,
      0
    ],
    [
      0,
      0,
      0,
      1,
      0,
      2,
      0,
      2,
      0,
      0,
      1,
      4,
      0,
      0,
      89,
      1,
      0,
      0,
      0,
      0,
      0,
      0,
      0,
      0,
      0
    ],
    [
      0,
      0,
      0,
      0,
      0,
      0,
      0,
      0,
      0,
      1,
      1,
      0,
      1,
      0,
      0,
      96,
      0,
      0,
      1,
      0,
      0,
      0,
      0,
      0,
      0
    ],
    [
      0,
      0,
      0,
      1,
      0,
      1,
      0,
      0,
      0,
      0,
      0,
      0,
      0,
      1,
      0,
      1,
      94,
      0,
      1,
      1,
      0,
      0,
      0,
      0,
      0
    ],
    [
      0,
      0,
      0,
      0,
      0,
      0,
      1,
      0,
      2,
      0,
      0,
      0,
      0,
      0,
      0,
      2,
      0,
      95,
      0,
      0,
      0,
      0,
      0,
      0,
      0
    ],
    [
      1,
      0,
      0,
      0,
      1,
      1,
      1,
      0,
      0,
      0,
      0,
      0,
      1,
      0,
      1,
      1,
      0,
      0,
      92,
