{
  "accuracy": 0.9740840035746202,
  "macro_f1": 0.9746364657474561,
  "weighted_f1": 0.9736139170434416,
  "per_class": {
    "1": {
      "precision": 0.9900990099009901,
      "recall": 1.0,
      "f1": 0.9950248756218906,
      "support": 100
    },
    "2": {
      "precision": 0.9864864864864865,
      "recall": 0.9605263157894737,
      "f1": 0.9733333333333334,
      "support": 76
    },
    "3": {
      "precision": 0.9772727272727273,
      "recall": 1.0,
      "f1": 0.9885057471264368,
      "support": 43
    },
    "4": {
      "precision": 0.9753086419753086,
      "recall": 0.79,
      "f1": 0.8729281767955801,
      "support": 100
    },
    "6": {
      "precision": 0.9418604651162791,
      "recall": 1.0,
      "f1": 0.9700598802395209,
      "support": 81
    },
    "8": {
      "precision": 0.9494949494949495,
      "recall": 0.94,
      "f1": 0.9447236180904522,
      "support": 100
    },
    "9": {
      "precision": 0.99,
      "recall": 0.99,
      "f1": 0.99,
      "support": 100
    },
    "10": {
      "precision": 0.9896907216494846,
      "recall": 0.96,
      "f1": 0.9746192893401016,
      "support": 100
    },
    "11": {
      "precision": 0.9866666666666667,
      "recall": 0.961038961038961,
      "f1": 0.9736842105263158,
      "support": 77
    },
    "12": {
      "precision": 0.98,
      "recall": 0.98,
      "f1": 0.98,
      "support": 100
    },
    "13": {
      "precision": 1.0,
      "recall": 0.9896907216494846,
      "f1": 0.9948186528497409,
      "support": 97
    },
    "14": {
      "precision": 0.98989898989899,
      "recall": 0.98,
      "f1": 0.9849246231155779,
      "support": 100
    },
    "15": {
      "precision": 0.9801980198019802,
      "recall": 0.99,
      "f1": 0.9850746268656716,
      "support": 100
    },
    "16": {
      "precision": 1.0,
      "recall": 1.0,
      "f1": 1.0,
      "support": 37
    },
    "17": {
      "precision": 0.9514563106796117,
      "recall": 0.98,
      "f1": 0.9655172413793104,
      "support": 100
    },
    "18": {
      "precision": 0.9803921568627451,
      "recall": 1.0,
      "f1": 0.9900990099009901,
      "support": 100
    },
    "19": {
      "precision": 0.970873786407767,
      "recall": 1.0,
      "f1": 0.9852216748768473,
      "support": 100
    },
    "20": {
      "precision": 0.9900990099009901,
      "recall": 1.0,
      "f1": 0.9950248756218906,
      "support": 100
    },
    "21": {
      "precision": 0.9514563106796117,
      "recall": 0.98,
      "f1": 0.9655172413793104,
      "support": 100
    },
    "22": {
      "precision": 0.9611650485436893,
      "recall": 1.0,
      "f1": 0.9801980198019802,
      "support": 99
    },
    "23": {
      "precision": 0.9438202247191011,
      "recall": 0.9230769230769231,
      "f1": 0.9333333333333333,
      "support": 91
    },
    "24": {
      "precision": 0.9487179487179487,
      "recall": 0.9736842105263158,
      "f1": 0.961038961038961,
      "support": 76
    },
    "25": {
      "precision": 0.9611650485436893,
      "recall": 0.99,
      "f1": 0.9753694581280788,
      "support": 100
    },
    "26": {
      "precision": 0.9900990099009901,
      "recall": 1.0,
      "f1": 0.9950248756218906,
      "support": 100
    },
    "27": {
      "precision": 0.9838709677419355,
      "recall": 1.0,
      "f1": 0.991869918699187,
      "support": 61
    }
  },
  "confusion_matrix": [
    [
      100,
      0,
      0,
      0,
      0,
      0,
      0,
      0,
      0,
      0,
      0,
      0,
      0,
      0,
      0,
      0,
      0,
      0,
      0,
      0,
      0,
      0,
      0,
      0,
      0
    ],
    [
      0,
      73,
      0,
      0,
      1,
      0,
      0,
      0,
      0,
      0,
      0,
      0,
      0,
      0,
      0,
      0,
      0,
      0,
      0,
      1,
      0,
      0,
      0,
      1,
      0
    ],
    [
      0,
      0,
      43,
      0,
      0,
      0,
      0,
      0,
      0,
      0,
      0,
      0,
      0,
      0,
      0,
      0,
      0,
      0,
      0,
      0,
      0,
      0,
      0,
      0,
      0
    ],
    [
      1,
      1,
      1,
      79,
      1,
      0,
      1,
      0,
      1,
      0,
      0,
      1,
      1,
      0,
      3,
      1,
      1,
      0,
      2,
      1,
      2,
      1,
      2,
      0,
      0
    ],
    [
      0,
      0,
      0,
      0,
      81,
      0,
      0,
      0,
      0,
      0,
      0,
      0,
      0,
      0,
      0,
      0,
      0,
      0,
      0,
      0,
      0,
      0,
      0,
      0,
      0
    ],
    [
      0,
      0,
      0,
      0,
      0,
      94,
      0,
      0,
      0,
      0,
      0,
      0,
      0,
      0,
      0,
      0,
      1,
      0,
      2,
      0,
      1,
      2,
      0,
      0,
      0
    ],
    [
      0,
      0,
      0,
      0,
      1,
      0,
      99,
      0,
      0,
      0,
      0,
      0,
      0,
      0,
      0,
      0,
      0,
      0,
      0,
      0,
      0,
      0,
      0,
      0,
      0
    ],
    [
      0,
      0,
      0,
      0,
      0,
      0,
      0,
      96,
      0,
      0,
      0,
      0,
      0,
      0,
      1,
      1,
      0,
      0,
      1,
      0,
      0,
      0,
      1,
      0,
      0
    ],
    [
      0,
      0,
      0,
      0,
      0,
      0,
      0,
      1,
      74,
      0,
      0,
      0,
      1,
      0,
      0,
      0,
      0,
      0,
      0,
      0,
      1,
      0,
      0,
      0,
      0
    ],
    [
      0,
      0,
      0,
      0,
      0,
      1,
      0,
      0,
      0,
      98,
      0,
      0,
      0,
      0,
      0,
      0,
      0,
      0,
      0,
      0,
      0,
      0,
      0,
      0,
      1
    ],
    [
      0,
      0,
      0,
      0,
      0,
      0,
      0,
      0,
      0,
      0,
      96,
      0,
      0,
      0,
      0,
      0,
      0,
      0,
      0,
      0,
      1,
      0,
      0,
      0,
      0
    ],
    [
      0,
      0,
      0,
      0,
      1,
      0,
      0,
      0,
      0,
      0,
      0,
      98,
      0,
      0,
      0,
      0,
      0,
      0,
      0,
      0,
      0,
      1,
      0,
      0,
      0
    ],
    [
      0,
      0,
      0,
      0,
      0,
      0,
      0,
      0,
      0,
      1,
      0,
      0,
      99,
      0,
      0,
      0,
      0,
      0,
      0,
      0,
      0,
      0,
      0,
      0,
      0
    ],
    [
      0,
      0,
      0,
      0,
      0,
      0,
      0,
      0,
      0,
      0,
      0,
      0,
      0,
      37,
      0,
      0,
      0,
      0,
      0,
      0,
      0,
      0,
      0,
      0,
      0
    ],
    [
      0,
      0,
      0,
      1,
      0,
      0,
      0,
      0,
      0,
      1,
      0,
      0,
      0,
      0,
      98,
      0,
      0,
      0,
      0,
      0,
      0,
      0,
      0,
      0,
      0
    ],
    [
      0,
      0,
      0,
      0,
      0,
      0,
      0,
      0,
      0,
      0,
      0,
      0,
      0,
      0,
      0,
      100,
      0,
      0,
      0,
      0,
      0,
      0,
      0,
      0,
      0
    ],
    [
      0,
      0,
      0,
      0,
      0,
      0,
      0,
      0,
      0,
      0,
      0,
      0,
      0,
      0,
      0,
      0,
      100,
      0,
      0,
      0,
      0,
      0,
      0,
      0,
      0
    ],
    [
      0,
      0,
      0,
      0,
      0,
      0,
      0,
      0,
      0,
      0,
      0,
      0,
      0,
      0,
      0,
      0,
      0,
      100,
      0,
      0,
      0,
      0,
      0,
      0,
      0
    ],
    [
      0,
      0,
      0,
      1,
      0,
      0,
      0,
      0,
      0,
      0,
      0,
      0,
      0,
      0,
      0,
      0,
      0,
      1,
      98,
      0,
      0,
      0,
      0,
      0,
      0
    ],
    [
      0,
      0,
      0,
      0,
      0,
      0,
